{"num_train_examples":2615,"_runtime":149,"_step":334,"val_accuracy_epoch":0.7142857142857143,"_wandb":{"runtime":149},"train_loss_epoch":0.2525074057722639,"val_loss_epoch":0.9959967519555774,"epoch":5,"train_accuracy_epoch":0.8948374760994264,"_timestamp":1.7567719250119584e+09,"test_accuracy_epoch":0.6902654867256637,"test_loss_epoch":0.9303325882585373,"train_loss":0.36805955568949383}