{"val_accuracy":0.7236842105263158,"epoch":5,"_timestamp":1.756791955268003e+09,"_step":5,"test_accuracy":0.7837837837837838,"_wandb":{"runtime":3},"_runtime":3}