{"_wandb":{"runtime":6},"_runtime":6,"train_loss":6.764571666717529,"num_train_examples":240,"_timestamp":1.7567856325173886e+09,"_step":29}