{"sgd_step":2157,"_timestamp":1.7567449013177805e+09,"_step":329,"train_loss":0.36805955568949383,"_wandb":{"runtime":127},"_runtime":127,"num_train_examples":198}