{"test_loss_epoch":0.8477217744936986,"_runtime":31,"epoch":1,"num_train_examples":523,"_step":66,"train_accuracy_epoch":0.6749521988527725,"val_loss_epoch":0.8029767530305045,"val_accuracy_epoch":0.6160714285714286,"train_loss":1.2910213470458984,"test_accuracy_epoch":0.6637168141592921,"_timestamp":1.7567781761742036e+09,"train_loss_epoch":0.7322277703659028,"_wandb":{"runtime":31}}