{"epoch":5,"test_accuracy":0.7432432432432432,"_wandb":{"runtime":4},"_runtime":4,"_timestamp":1.7567885547722204e+09,"_step":5,"val_accuracy":0.8026315789473685}