{"_step":11,"train_loss":6.2925124168396,"num_train_examples":96,"_timestamp":1.7567832452681093e+09,"_wandb":{"runtime":5},"_runtime":5}