{"_wandb":{"runtime":237},"num_train_examples":2615,"_timestamp":1.756776683585594e+09,"epoch":5,"val_accuracy_epoch":0.7142857142857143,"train_loss":0.36805955568949383,"test_loss_epoch":0.9303325882585373,"val_loss_epoch":0.9959967519555774,"_runtime":237,"test_accuracy_epoch":0.6902654867256637,"train_loss_epoch":0.2525074057722639,"_step":334,"train_accuracy_epoch":0.8948374760994264}