{"_wandb":{"runtime":141},"media_train/":{"width":256,"height":256,"format":"png","count":8,"filenames":["media/images/media_train/_334_8e04b95c39176270d89a.png","media/images/media_train/_334_57045a724aab9d940f5b.png","media/images/media_train/_334_91034c901caaead4c7b2.png","media/images/media_train/_334_ce62ee38b7c5a6ecd304.png","media/images/media_train/_334_6200d94841c3d12b7018.png","media/images/media_train/_334_16bbbc648b23f64c9805.png","media/images/media_train/_334_9b2e0873d4b37d569744.png","media/images/media_train/_334_fbf35844c01cb9e8138f.png"],"captions":["0 / 0","2 / 2","0 / 0","2 / 2","1 / 1","1 / 1","2 / 2","1 / 1"],"_type":"images/separated"},"test_loss_epoch":0.9303325882585373,"val_accuracy_epoch":0.7142857142857143,"_step":337,"val_loss_epoch":0.9959967519555774,"media_test/":{"_type":"images/separated","width":256,"height":256,"format":"png","count":8,"filenames":["media/images/media_test/_335_7280fefb42667bac68f4.png","media/images/media_test/_335_ddd2b337e552b9d472a5.png","media/images/media_test/_335_d388d8c26a59f370f4f5.png","media/images/media_test/_335_b468b2a6caaf0c2e979d.png","media/images/media_test/_335_2f7a8d8f06d8ccef3922.png","media/images/media_test/_335_e5992b6bf8b7c6feed39.png","media/images/media_test/_335_3ced2c03f94f8b437136.png","media/images/media_test/_335_baa0996f24d2819d18b0.png"],"captions":["0 / 0","0 / 0","0 / 0","0 / 0","0 / 0","0 / 0","1 / 0","0 / 0"]},"_runtime":141,"test_accuracy_epoch":0.6902654867256637,"train_loss":0.36805955568949383,"train_accuracy_epoch":0.8948374760994264,"num_train_examples":2615,"train_loss_epoch":0.2525074057722639,"epoch":5,"media_val/":{"count":8,"filenames":["media/images/media_val/_336_60aea24e2a0a7a91e58c.png","media/images/media_val/_336_1c4c555c3049c975d9e1.png","media/images/media_val/_336_232634b1290d9e2fa3a4.png","media/images/media_val/_336_4f6ec10442fa6f2bcfd4.png","media/images/media_val/_336_24605fed2fa8780bc753.png","media/images/media_val/_336_b8c1cd7b0e77c264c337.png","media/images/media_val/_336_1b9d412820c09ed2e6c4.png","media/images/media_val/_336_21b87732f980a8f1cbb5.png"],"captions":["2 / 1","2 / 2","1 / 1","1 / 2","0 / 0","2 / 2","0 / 0","1 / 2"],"_type":"images/separated","width":256,"height":256,"format":"png"},"_timestamp":1.7567788040345962e+09}