{"_step":66,"epoch":1,"train_accuracy_epoch":0.6749521988527725,"_timestamp":1.7567784141027083e+09,"test_accuracy_epoch":0.6637168141592921,"_wandb":{"runtime":31},"train_loss_epoch":0.7322277703659028,"test_loss_epoch":0.8477217744936986,"val_loss_epoch":0.8029767530305045,"val_accuracy_epoch":0.6160714285714286,"_runtime":31,"train_loss":1.2910213470458984,"num_train_examples":523}