{"train_accuracy_epoch":0.8948374760994264,"epoch":5,"_wandb":{"runtime":203},"_runtime":203,"test_loss_epoch":0.9303325882585373,"test_accuracy_epoch":0.6902654867256637,"val_loss_epoch":0.9959967519555774,"val_accuracy_epoch":0.7142857142857143,"num_train_examples":2615,"train_loss_epoch":0.2525074057722639,"_timestamp":1.756776323012602e+09,"_step":334,"train_loss":0.36805955568949383}