{"val_accuracy":0.5921052631578947,"epoch":5,"_timestamp":1.7567910708090692e+09,"_step":5,"test_accuracy":0.6081081081081081,"_wandb":{"runtime":2},"_runtime":2}