{"_wandb":{"runtime":155},"val_accuracy_epoch":0.5089285714285714,"test_accuracy_epoch":0.5132743362831859,"train_loss":0.4228696823120117,"_timestamp":1.7573005841165311e+09,"_runtime":155,"num_train_examples":2615,"test_loss_epoch":1.4872418357207713,"train_loss_epoch":0.49027682988980986,"epoch":5,"_step":334,"train_accuracy_epoch":0.8260038240917782,"val_loss_epoch":1.3001100208078111}