{"test_loss_epoch":0.9303325882585373,"_step":334,"train_loss_epoch":0.2525074057722639,"train_loss":0.36805955568949383,"num_train_examples":2615,"epoch":5,"test_accuracy_epoch":0.6902654867256637,"val_accuracy_epoch":0.7142857142857143,"_runtime":211,"_timestamp":1.7567771259133992e+09,"train_accuracy_epoch":0.8948374760994264,"_wandb":{"runtime":211},"val_loss_epoch":0.9959967519555774}