{"test_loss":0.9303325882585373,"_runtime":128,"_timestamp":1.756745823933374e+09,"epoch":5,"_wandb":{"runtime":128},"train_accuracy":0.8948374760994264,"test_accuracy":0.6902654867256637,"train_loss":0.2525074057722639,"num_train_examples":2290,"_step":334}