{"test_loss_epoch":0.8477217744936986,"num_train_examples":523,"test_accuracy_epoch":0.6637168141592921,"train_accuracy_epoch":0.6749521988527725,"_step":66,"val_loss_epoch":0.8029767530305045,"epoch":1,"val_accuracy_epoch":0.6160714285714286,"_runtime":33,"_timestamp":1.7567782381995595e+09,"train_loss_epoch":0.7322277703659028,"train_loss":1.2910213470458984,"_wandb":{"runtime":33}}