{"test_accuracy":0.6081081081081081,"_wandb":{"runtime":2},"_runtime":2,"val_accuracy":0.5921052631578947,"train_accuracy":0.6742857142857143,"epoch":5,"_timestamp":1.7568584206655796e+09,"_step":5}