{"_runtime":32,"test_loss_epoch":0.8477217744936986,"_wandb":{"runtime":32},"val_accuracy_epoch":0.6160714285714286,"num_train_examples":523,"val_loss_epoch":0.8029767530305045,"train_loss_epoch":0.7322277703659028,"media_val/":{"width":256,"height":256,"format":"png","count":8,"filenames":["media/images/media_val/_68_60aea24e2a0a7a91e58c.png","media/images/media_val/_68_1c4c555c3049c975d9e1.png","media/images/media_val/_68_232634b1290d9e2fa3a4.png","media/images/media_val/_68_4f6ec10442fa6f2bcfd4.png","media/images/media_val/_68_24605fed2fa8780bc753.png","media/images/media_val/_68_b8c1cd7b0e77c264c337.png","media/images/media_val/_68_1b9d412820c09ed2e6c4.png","media/images/media_val/_68_21b87732f980a8f1cbb5.png"],"captions":["1 / 1","2 / 2","1 / 1","1 / 2","0 / 0","2 / 2","0 / 0","1 / 2"],"_type":"images/separated"},"train_accuracy_epoch":0.6749521988527725,"epoch":1,"_step":69,"_timestamp":1.756778643296726e+09,"media_test/":{"count":8,"filenames":["media/images/media_test/_67_7280fefb42667bac68f4.png","media/images/media_test/_67_ddd2b337e552b9d472a5.png","media/images/media_test/_67_d388d8c26a59f370f4f5.png","media/images/media_test/_67_b468b2a6caaf0c2e979d.png","media/images/media_test/_67_2f7a8d8f06d8ccef3922.png","media/images/media_test/_67_e5992b6bf8b7c6feed39.png","media/images/media_test/_67_3ced2c03f94f8b437136.png","media/images/media_test/_67_baa0996f24d2819d18b0.png"],"captions":["0 / 0","0 / 0","0 / 0","0 / 0","0 / 0","2 / 0","2 / 0","2 / 0"],"_type":"images/separated","width":256,"height":256,"format":"png"},"test_accuracy_epoch":0.6637168141592921,"train_loss":1.2910213470458984,"media_train/":{"width":256,"height":256,"format":"png","count":8,"filenames":["media/images/media_train/_66_8e04b95c39176270d89a.png","media/images/media_train/_66_57045a724aab9d940f5b.png","media/images/media_train/_66_91034c901caaead4c7b2.png","media/images/media_train/_66_ce62ee38b7c5a6ecd304.png","media/images/media_train/_66_6200d94841c3d12b7018.png","media/images/media_train/_66_16bbbc648b23f64c9805.png","media/images/media_train/_66_9b2e0873d4b37d569744.png","media/images/media_train/_66_fbf35844c01cb9e8138f.png"],"captions":["0 / 0","2 / 2","0 / 0","2 / 2","1 / 1","2 / 1","2 / 2","2 / 1"],"_type":"images/separated"}}