{"train_accuracy_epoch":0.739961759082218,"_wandb":{"runtime":135},"_step":333,"train_loss":0.4228696823120117,"_runtime":135,"test_accuracy_epoch":0.4778761061946903,"epoch":4,"test_loss_epoch":1.384447294394527,"train_loss_epoch":0.6125199573673664,"num_train_examples":2615,"val_loss_epoch":1.285876670054027,"val_accuracy_epoch":0.49107142857142855,"_timestamp":1.7573003592164977e+09}