{"_step":66,"test_accuracy_epoch":0.6637168141592921,"_runtime":31,"test_loss_epoch":0.8477217744936986,"_timestamp":1.756778312053392e+09,"val_loss_epoch":0.8029767530305045,"train_loss":1.2910213470458984,"num_train_examples":523,"val_accuracy_epoch":0.6160714285714286,"epoch":1,"train_loss_epoch":0.7322277703659028,"_wandb":{"runtime":31},"train_accuracy_epoch":0.6749521988527725}